name,url
Addam Marbrand,https://iceandfire.fandom.com//wiki/Category:Characters/wiki/Addam_Marbrand
Addison Hill,https://iceandfire.fandom.com//wiki/Category:Characters/wiki/Addison_Hill
Adrack Humble,https://iceandfire.fandom.com//wiki/Category:Characters/wiki/Adrack_Humble
Adrian Tarbeck,https://iceandfire.fandom.com//wiki/Category:Characters/wiki/Adrian_Tarbeck
Aegon Blackfyre,https://iceandfire.fandom.com//wiki/Category:Characters/wiki/Aegon_Blackfyre
Aegon Frey,https://iceandfire.fandom.com//wiki/Category:Characters/wiki/Aegon_Frey
Aegon Frey (son of Aenys),https://iceandfire.fandom.com//wiki/Category:Characters/wiki/Aegon_Frey_(son_of_Aenys)
Aegon I Targaryen,https://iceandfire.fandom.com//wiki/Category:Characters/wiki/Aegon_I_Targaryen
Aegon II Targaryen,https://iceandfire.fandom.com//wiki/Category:Characters/wiki/Aegon_II_Targaryen
Aegon III Targaryen,https://iceandfire.fandom.com//wiki/Category:Characters/wiki/Aegon_III_Targaryen
Aegon IV Targaryen,https://iceandfire.fandom.com//wiki/Category:Characters/wiki/Aegon_IV_Targaryen
Aegon Targaryen (Son of Aenys I),https://iceandfire.fandom.com//wiki/Category:Characters/wiki/Aegon_Targaryen_(Son_of_Aenys_I)
Aegon Targaryen (son of Aerys II),https://iceandfire.fandom.com//wiki/Category:Characters/wiki/Aegon_Targaryen_(son_of_Aerys_II)
Aegon Targaryen (Son of Baelon),https://iceandfire.fandom.com//wiki/Category:Characters/wiki/Aegon_Targaryen_(Son_of_Baelon)
Aegon Targaryen (son of Gaemon),https://iceandfire.fandom.com//wiki/Category:Characters/wiki/Aegon_Targaryen_(son_of_Gaemon)
Aegon Targaryen (son of Jaehaerys I),https://iceandfire.fandom.com//wiki/Category:Characters/wiki/Aegon_Targaryen_(son_of_Jaehaerys_I)
Aegon Targaryen (son of Rhaegar),https://iceandfire.fandom.com//wiki/Category:Characters/wiki/Aegon_Targaryen_(son_of_Rhaegar)
Aegor Rivers,https://iceandfire.fandom.com//wiki/Category:Characters/wiki/Aegor_Rivers
Aelyx Targaryen,https://iceandfire.fandom.com//wiki/Category:Characters/wiki/Aelyx_Targaryen
Aemma Arryn,https://iceandfire.fandom.com//wiki/Category:Characters/wiki/Aemma_Arryn
Aemon (wildling),https://iceandfire.fandom.com//wiki/Category:Characters/wiki/Aemon_(wildling)
Aemon Blackfyre,https://iceandfire.fandom.com//wiki/Category:Characters/wiki/Aemon_Blackfyre
Aemon Targaryen (Son of Jaehaerys I),https://iceandfire.fandom.com//wiki/Category:Characters/wiki/Aemon_Targaryen_(Son_of_Jaehaerys_I)
Aemon Targaryen (Son of Maekar I),https://iceandfire.fandom.com//wiki/Category:Characters/wiki/Aemon_Targaryen_(Son_of_Maekar_I)
Aemond Targaryen,https://iceandfire.fandom.com//wiki/Category:Characters/wiki/Aemond_Targaryen
Aenar Targaryen,https://iceandfire.fandom.com//wiki/Category:Characters/wiki/Aenar_Targaryen
Aenys Frey,https://iceandfire.fandom.com//wiki/Category:Characters/wiki/Aenys_Frey
Aerea Targaryen,https://iceandfire.fandom.com//wiki/Category:Characters/wiki/Aerea_Targaryen
Aerion Targaryen,https://iceandfire.fandom.com//wiki/Category:Characters/wiki/Aerion_Targaryen
Aerion Targaryen (son of Daemion),https://iceandfire.fandom.com//wiki/Category:Characters/wiki/Aerion_Targaryen_(son_of_Daemion)
Aeron Greyjoy,https://iceandfire.fandom.com//wiki/Category:Characters/wiki/Aeron_Greyjoy
Aeryn Targaryen,https://iceandfire.fandom.com//wiki/Category:Characters/wiki/Aeryn_Targaryen
Aerys Targaryen (son of Aegon),https://iceandfire.fandom.com//wiki/Category:Characters/wiki/Aerys_Targaryen_(son_of_Aegon)
Aethan Velaryon,https://iceandfire.fandom.com//wiki/Category:Characters/wiki/Aethan_Velaryon
Aethelmure,https://iceandfire.fandom.com//wiki/Category:Characters/wiki/Aethelmure
